,MachineIdentifier,HasDetections
0,000152ddbfb6dab58700f6f01f7a8c40,1
1,0001fffcc88c40950a8498fda77da068,1
2,000272ff1fa7cec61f0bfa0f872379a5,1
3,000460fa1483e87d96fb65e4f50bbc5b,0
4,000486d4e09758eddf63a59562c19762,1
5,0004fbc62202619c24d4b82fd44215ff,1
6,000a8b0ee72b860445f495fed04aad53,1
7,000a9f46e3122da757b8104722a432da,1
8,000ff3598e90f8ae01b963d9c5a7a680,1
9,00107004854c3953da302d3475230137,1
10,00119b0b89ea5ed138d2d146c9b90956,1
11,0011ec7fac22c7a895f0916866d738a2,1
12,001261e808ed8f594ea92f8048fbb299,1
13,00132e996afde916040830a6a6ec4e09,1
14,0013f6353cadf9bb20175eeb3c10dd63,1
15,0014ca27e6c3a7c91e0c5a8b72764118,1
16,00165e60e286083a5588e0c3392a9103,0
17,001678c431524ba2c082b5020be35607,1
18,001965f804058f713db7ba04f25a0402,1
19,001a4688a345f98b93097cd9994783bb,1
20,00241eb1c6b3fdd0e5756c6a1dc0c977,1
21,00263f4ace79660fc724762872c93fe2,1
22,0028fea379fd67dfd67f6bae49abb4b9,1
23,002b01215acba7e54ba73114f8ac697b,1
24,002b5ffb51aafce8df229d8a1a557384,1
25,002d257762d27774a9752a751c60455d,1
26,002d51ec12a0ce4ac116fb24df04fbfb,1
27,0031a67bdcd91b1722a90ee51b82cd1a,1
28,0033f0b9f482469b1858da401b368b04,1
29,003426985e22dfa4f76531f378911b5f,0
30,00358ee32434a15d1aa6898b24dcba73,1
31,0035cdf6aef245ad0a39949981f21bc9,1
32,003845ee27317043831a046c9afd5b3c,1
33,0039dc61b510efa0b3cf1bcf2e01e329,1
34,003a0b29657cae9cc0ca68faa34cd534,1
35,003abcde11188894210fb9922b031c66,1
36,003dc97d6997bf3a73c478124437d64b,1
37,003f1320769a7aebb392a5c19683cb72,1
38,0041b4751e17c14051551ca0aea6d6a7,0
39,0041d91d8a40175c9f799a48d2020f14,1
40,0042a5e4245c414f01392c6cdc75f984,1
41,00440912581695f3d1e4b205b845a003,1
42,004d87c3af88a9209d5bd681d9cd7a9a,1
43,004defbe4d9c9815dea525e1a7a0e287,1
44,0052f64c03b6f2fc5e927f3c46ecf753,1
45,00533615366e8ca689547e5f418e8e92,1
46,0053ff821f94afc4efb5680fbf24c420,0
47,005a517fdd89bc282f0de49f659c5aa3,1
48,005ba7ed8620bc97c1a19ec6b2496dd6,1
49,005e74b3f04c41fc92ac28a84ecdbee8,0
50,005f74787914fe665c3b10ef86719590,1
51,005f885a9a927147e56842bd194e105e,1
52,006351f0fa681316b6fa28c73fc94c64,1
53,0065f5f8e2b1a5cb6e38de59dfb9a1d9,0
54,0067ce641953d4723586bb6fed883863,0
55,006cb1f902edd5cc7e2aab690880bc33,1
56,006d2b026757919cb32389b39205f3a3,1
57,006e67b74a999c31c6c41796dcd232af,0
58,006eb41fd15961a15f40299f8df18622,1
59,006fd4cf54314978e011ba361fe206d1,1
60,006ff4afbced704921955fb92cedc079,0
61,007056971e3d54ce06985cb4910a3b8b,1
62,00765b54e725432b7601006aa1763673,1
63,007be5b033e6204ba28711150a9ae915,1
64,007c01a1d6b585d758d71a80c066be61,1
65,007d65d1b2b8743705809dd4757c5210,1
66,007db8ca95eeb63147ac2161bcf38614,1
67,007dd857874104abf1636e9481e83d91,1
68,007f8aa198f07a7e2f5e0211478fdf66,1
69,0081b011f42d4b449d28bb1be0a92746,1
70,00833aa139dddc4ca0c224e7c06612e7,1
71,008503329cd98ec4312a3f4c81ac7709,1
72,00855717d48edd4e39cdee6b3bc3a89e,1
73,0085fd5e0e5bccbd15918d121860d0c1,1
74,0086268fb6f037ab96cb81f510ee78bd,1
75,0089a91c8c0030408dc076aa9a30bbd8,1
76,008ad28fc66e061d3730ce16237a2b53,1
77,008d0dc68a03116aa076613db46d4b4d,1
78,008d7e5a3673dd4f47b281ce710ae2e4,1
79,008e7445eca330dabe18b6b4f20ce046,1
80,008f35164c323dfd29a0164078e81414,1
81,009029dea82f8bb0aad613407605ebad,1
82,0090bb3b4f957a47387ffb206614cf8e,1
